Trade ID,Trade date,Instrument code,Instrument name,Market code,Quantity,Price,Transaction type,Currency,Amount,Transaction fee,Transaction method,Portfolio,Initiated by
00000000-0000-4000-8000-000000000001,2025-03-31 20:00:01.120000 (UTC),ACME,Acme Robotics Inc,NASDAQ,0.25000000,90.000,BUY,usd,22.5,0.00000,BUY,Growth,Investor
00000000-0000-4000-8000-000000000002,2025-04-09 13:41:12.250000 (UTC),ACME,Acme Robotics Inc,NASDAQ,0.51234567,92.400,BUY,usd,47.340739908,0.23660,BUY,Growth,Investor
00000000-0000-4000-8000-000000000003,2025-06-02 13:31:00.000000 (UTC),ACME,Acme Robotics Inc,NASDAQ,0.50000000,100.000,BUY,usd,50,0.00000,BUY,Growth,Investor
00000000-0000-4000-8000-000000000004,2025-06-02 15:02:10.500000 (UTC),ACME,Acme Robotics Inc,NASDAQ,0.50000000,100.500,BUY,usd,50.25,0.00000,BUY,Growth,Investor
00000000-0000-4000-8000-000000000005,2025-09-15 13:44:09.610000 (UTC),ACME,Acme Robotics Inc,NASDAQ,0.00321000,101.200,BUY,usd,0.324852,0.00000,BUY,Growth,System
00000000-0000-4000-8000-000000000006,2025-04-22 13:45:00.250000 (UTC),GLOBX,Globex Corp,NYSE,1.20000000,45.150,BUY,usd,54.18,0.27090,BUY,Growth,Investor
00000000-0000-4000-8000-000000000007,2026-01-15 00:20:41.000000 (UTC),GLOBX,Globex Corp,NYSE,0.75000000,52.800,BUY,usd,39.6,0.19800,BUY,Growth,Investor
00000000-0000-4000-8000-000000000008,2025-04-28 14:10:03.300000 (UTC),ZETF,Zenith Broad Market ETF,CBOE,2.40000000,31.250,BUY,usd,75,0.00000,BUY,Growth,Investor
00000000-0000-4000-8000-000000000009,2026-03-26 14:05:55 (UTC),ZETF,Zenith Broad Market ETF,CBOE,3.00000000,33.100,BUY,usd,99.3,0.00000,BUY,Growth,Investor
00000000-0000-4000-8000-000000000010,2025-05-01 13:35:00.000000 (UTC),ROKT,Rocketeer Space Corp,NASDAQ,0.30000000,20.000,BUY,usd,6,0.00000,BUY,Growth,Investor
00000000-0000-4000-8000-000000000011,2025-05-13 08:00:01.500000 (UTC),ROKT,Rocketeer Space Corp,NASDAQ,1.00000000,24.400,SELL,usd,24.4,0.40000,SELL,Growth,Investor
00000000-0000-4000-8000-000000000012,2025-09-10 13:40:00.000000 (UTC),ROKT,Rocketeer Space Corp,NASDAQ,2.00000000,30.000,BUY,usd,60,0.50000,BUY,Growth,Investor
00000000-0000-4000-8000-000000000013,2025-04-15 13:31:00.000000 (UTC),PLNT,Planetary Data Inc,NASDAQ,0.25000000,100.000,BUY,usd,25,0.00000,BUY,Growth,Investor
00000000-0000-4000-8000-000000000014,2025-05-13 08:00:03.100000 (UTC),PLNT,Planetary Data Inc,NASDAQ,6,118.400,SELL,usd,710.4,4.50000,SELL,Growth,Investor
00000000-0000-4000-8000-000000000015,2025-05-13 08:00:03.400000 (UTC),PLNT,Planetary Data Inc,NASDAQ,0.20000000,118.400,SELL,usd,23.68,0.00000,SELL,Growth,Investor
00000000-0000-4000-8000-000000000016,2025-10-01 13:31:00.000000 (UTC),PLNT,Planetary Data Inc,NASDAQ,3.00000000,130.000,BUY,usd,390,0.50000,BUY,Growth,Investor
00000000-0000-4000-8000-000000000017,2025-05-14 13:31:00.000000 (UTC),TRPL,Triple Index 3x ETF Trust Shares,NASDAQ,0.04000000,70.200,BUY,usd,2.808,0.00000,BUY,Growth,Investor
00000000-0000-4000-8000-000000000018,2025-07-01 08:00:02.200000 (UTC),TRPL,Triple Index 3x ETF Trust Shares,NASDAQ,0.04000000,84.600,SELL,usd,3.384,0.04000,SELL,Growth,Investor
00000000-0000-4000-8000-000000000019,2026-03-31 14:30:00.000000 (UTC),ACME,Acme Robotics Inc,NASDAQ,0.10000000,110.000,BUY,usd,11,0.00000,BUY,Growth,Investor
